,precision,recall,f1-score,support
1,0.7473942366646229,0.761875,0.7545651501083256,1600.0
2,0.5815950920245399,0.5925,0.5869969040247678,1600.0
3,0.6516044531761624,0.621875,0.6363927086664535,1600.0
4,0.6150030998140111,0.62,0.6174914410208527,1600.0
5,0.7654784240150094,0.765,0.7652391372303845,1600.0
accuracy,0.67225,0.67225,0.67225,0.67225
macro avg,0.6722150611388692,0.67225,0.6721370682101568,8000.0
weighted avg,0.6722150611388692,0.67225,0.6721370682101568,8000.0
