,precision,recall,f1-score,support
1,1.0,0.14285714285714285,0.25,14.0
2,0.0,0.0,0.0,6.0
3,0.4,0.75,0.5217391304347826,8.0
4,0.7857142857142857,0.5238095238095238,0.6285714285714286,21.0
5,0.891566265060241,0.9736842105263158,0.9308176100628931,76.0
accuracy,0.744,0.744,0.744,0.744
macro avg,0.6154561101549053,0.4780701754385965,0.4662256338138208,125.0
weighted avg,0.8116722891566266,0.744,0.732928411266065,125.0
